id,location,industry,keyword,painPoint,description
gangnam-party-room-auto,강남,파티룸,강남 파티룸 카톡 예약 자동화,일일이 답장하기 힘든 예약 문의,강남 파티룸 사장님! 일일이 답장하기 힘든 예약 문의 때문에 힘드셨죠? ETERNAL SIX의 AI 파싱 솔루션으로 10초 만에 예약을 정리하세요.
gangnam-party-room-noshow,강남,파티룸,강남 파티룸 노쇼 방지 블랙리스트,예약 노쇼와 진상 고객 대응,강남 파티룸 사장님! 예약 노쇼와 진상 고객 대응 때문에 힘드셨죠? ETERNAL SIX의 AI 파싱 솔루션으로 10초 만에 예약을 정리하세요.
hongdae-party-room-auto,홍대,파티룸,홍대 파티룸 카톡 예약 자동화,일일이 답장하기 힘든 예약 문의,홍대 파티룸 사장님! 일일이 답장하기 힘든 예약 문의 때문에 힘드셨죠? ETERNAL SIX의 AI 파싱 솔루션으로 10초 만에 예약을 정리하세요.
hongdae-party-room-noshow,홍대,파티룸,홍대 파티룸 노쇼 방지 블랙리스트,예약 노쇼와 진상 고객 대응,홍대 파티룸 사장님! 예약 노쇼와 진상 고객 대응 때문에 힘드셨죠? ETERNAL SIX의 AI 파싱 솔루션으로 10초 만에 예약을 정리하세요.
seongsu-party-room-auto,성수,파티룸,성수 파티룸 카톡 예약 자동화,일일이 답장하기 힘든 예약 문의,성수 파티룸 사장님! 일일이 답장하기 힘든 예약 문의 때문에 힘드셨죠? ETERNAL SIX의 AI 파싱 솔루션으로 10초 만에 예약을 정리하세요.
seongsu-party-room-noshow,성수,파티룸,성수 파티룸 노쇼 방지 블랙리스트,예약 노쇼와 진상 고객 대응,성수 파티룸 사장님! 예약 노쇼와 진상 고객 대응 때문에 힘드셨죠? ETERNAL SIX의 AI 파싱 솔루션으로 10초 만에 예약을 정리하세요.
pangyo-party-room-auto,판교,파티룸,판교 파티룸 카톡 예약 자동화,일일이 답장하기 힘든 예약 문의,판교 파티룸 사장님! 일일이 답장하기 힘든 예약 문의 때문에 힘드셨죠? ETERNAL SIX의 AI 파싱 솔루션으로 10초 만에 예약을 정리하세요.
pangyo-party-room-noshow,판교,파티룸,판교 파티룸 노쇼 방지 블랙리스트,예약 노쇼와 진상 고객 대응,판교 파티룸 사장님! 예약 노쇼와 진상 고객 대응 때문에 힘드셨죠? ETERNAL SIX의 AI 파싱 솔루션으로 10초 만에 예약을 정리하세요.
bundang-party-room-auto,분당,파티룸,분당 파티룸 카톡 예약 자동화,일일이 답장하기 힘든 예약 문의,분당 파티룸 사장님! 일일이 답장하기 힘든 예약 문의 때문에 힘드셨죠? ETERNAL SIX의 AI 파싱 솔루션으로 10초 만에 예약을 정리하세요.
bundang-party-room-noshow,분당,파티룸,분당 파티룸 노쇼 방지 블랙리스트,예약 노쇼와 진상 고객 대응,분당 파티룸 사장님! 예약 노쇼와 진상 고객 대응 때문에 힘드셨죠? ETERNAL SIX의 AI 파싱 솔루션으로 10초 만에 예약을 정리하세요.
incheon-party-room-auto,인천,파티룸,인천 파티룸 카톡 예약 자동화,일일이 답장하기 힘든 예약 문의,인천 파티룸 사장님! 일일이 답장하기 힘든 예약 문의 때문에 힘드셨죠? ETERNAL SIX의 AI 파싱 솔루션으로 10초 만에 예약을 정리하세요.
incheon-party-room-noshow,인천,파티룸,인천 파티룸 노쇼 방지 블랙리스트,예약 노쇼와 진상 고객 대응,인천 파티룸 사장님! 예약 노쇼와 진상 고객 대응 때문에 힘드셨죠? ETERNAL SIX의 AI 파싱 솔루션으로 10초 만에 예약을 정리하세요.
busan-party-room-auto,부산,파티룸,부산 파티룸 카톡 예약 자동화,일일이 답장하기 힘든 예약 문의,부산 파티룸 사장님! 일일이 답장하기 힘든 예약 문의 때문에 힘드셨죠? ETERNAL SIX의 AI 파싱 솔루션으로 10초 만에 예약을 정리하세요.
busan-party-room-noshow,부산,파티룸,부산 파티룸 노쇼 방지 블랙리스트,예약 노쇼와 진상 고객 대응,부산 파티룸 사장님! 예약 노쇼와 진상 고객 대응 때문에 힘드셨죠? ETERNAL SIX의 AI 파싱 솔루션으로 10초 만에 예약을 정리하세요.
daegu-party-room-auto,대구,파티룸,대구 파티룸 카톡 예약 자동화,일일이 답장하기 힘든 예약 문의,대구 파티룸 사장님! 일일이 답장하기 힘든 예약 문의 때문에 힘드셨죠? ETERNAL SIX의 AI 파싱 솔루션으로 10초 만에 예약을 정리하세요.
daegu-party-room-noshow,대구,파티룸,대구 파티룸 노쇼 방지 블랙리스트,예약 노쇼와 진상 고객 대응,대구 파티룸 사장님! 예약 노쇼와 진상 고객 대응 때문에 힘드셨죠? ETERNAL SIX의 AI 파싱 솔루션으로 10초 만에 예약을 정리하세요.
gwangju-party-room-auto,광주,파티룸,광주 파티룸 카톡 예약 자동화,일일이 답장하기 힘든 예약 문의,광주 파티룸 사장님! 일일이 답장하기 힘든 예약 문의 때문에 힘드셨죠? ETERNAL SIX의 AI 파싱 솔루션으로 10초 만에 예약을 정리하세요.
gwangju-party-room-noshow,광주,파티룸,광주 파티룸 노쇼 방지 블랙리스트,예약 노쇼와 진상 고객 대응,광주 파티룸 사장님! 예약 노쇼와 진상 고객 대응 때문에 힘드셨죠? ETERNAL SIX의 AI 파싱 솔루션으로 10초 만에 예약을 정리하세요.
daejeon-party-room-auto,대전,파티룸,대전 파티룸 카톡 예약 자동화,일일이 답장하기 힘든 예약 문의,대전 파티룸 사장님! 일일이 답장하기 힘든 예약 문의 때문에 힘드셨죠? ETERNAL SIX의 AI 파싱 솔루션으로 10초 만에 예약을 정리하세요.
daejeon-party-room-noshow,대전,파티룸,대전 파티룸 노쇼 방지 블랙리스트,예약 노쇼와 진상 고객 대응,대전 파티룸 사장님! 예약 노쇼와 진상 고객 대응 때문에 힘드셨죠? ETERNAL SIX의 AI 파싱 솔루션으로 10초 만에 예약을 정리하세요.
gangnam-rental-studio-auto,강남,렌탈스튜디오,강남 렌탈스튜디오 카톡 예약 자동화,일일이 답장하기 힘든 예약 문의,강남 렌탈스튜디오 사장님! 일일이 답장하기 힘든 예약 문의 때문에 힘드셨죠? ETERNAL SIX의 AI 파싱 솔루션으로 10초 만에 예약을 정리하세요.
gangnam-rental-studio-noshow,강남,렌탈스튜디오,강남 렌탈스튜디오 노쇼 방지 블랙리스트,예약 노쇼와 진상 고객 대응,강남 렌탈스튜디오 사장님! 예약 노쇼와 진상 고객 대응 때문에 힘드셨죠? ETERNAL SIX의 AI 파싱 솔루션으로 10초 만에 예약을 정리하세요.
hongdae-rental-studio-auto,홍대,렌탈스튜디오,홍대 렌탈스튜디오 카톡 예약 자동화,일일이 답장하기 힘든 예약 문의,홍대 렌탈스튜디오 사장님! 일일이 답장하기 힘든 예약 문의 때문에 힘드셨죠? ETERNAL SIX의 AI 파싱 솔루션으로 10초 만에 예약을 정리하세요.
hongdae-rental-studio-noshow,홍대,렌탈스튜디오,홍대 렌탈스튜디오 노쇼 방지 블랙리스트,예약 노쇼와 진상 고객 대응,홍대 렌탈스튜디오 사장님! 예약 노쇼와 진상 고객 대응 때문에 힘드셨죠? ETERNAL SIX의 AI 파싱 솔루션으로 10초 만에 예약을 정리하세요.
seongsu-rental-studio-auto,성수,렌탈스튜디오,성수 렌탈스튜디오 카톡 예약 자동화,일일이 답장하기 힘든 예약 문의,성수 렌탈스튜디오 사장님! 일일이 답장하기 힘든 예약 문의 때문에 힘드셨죠? ETERNAL SIX의 AI 파싱 솔루션으로 10초 만에 예약을 정리하세요.
seongsu-rental-studio-noshow,성수,렌탈스튜디오,성수 렌탈스튜디오 노쇼 방지 블랙리스트,예약 노쇼와 진상 고객 대응,성수 렌탈스튜디오 사장님! 예약 노쇼와 진상 고객 대응 때문에 힘드셨죠? ETERNAL SIX의 AI 파싱 솔루션으로 10초 만에 예약을 정리하세요.
pangyo-rental-studio-auto,판교,렌탈스튜디오,판교 렌탈스튜디오 카톡 예약 자동화,일일이 답장하기 힘든 예약 문의,판교 렌탈스튜디오 사장님! 일일이 답장하기 힘든 예약 문의 때문에 힘드셨죠? ETERNAL SIX의 AI 파싱 솔루션으로 10초 만에 예약을 정리하세요.
pangyo-rental-studio-noshow,판교,렌탈스튜디오,판교 렌탈스튜디오 노쇼 방지 블랙리스트,예약 노쇼와 진상 고객 대응,판교 렌탈스튜디오 사장님! 예약 노쇼와 진상 고객 대응 때문에 힘드셨죠? ETERNAL SIX의 AI 파싱 솔루션으로 10초 만에 예약을 정리하세요.
bundang-rental-studio-auto,분당,렌탈스튜디오,분당 렌탈스튜디오 카톡 예약 자동화,일일이 답장하기 힘든 예약 문의,분당 렌탈스튜디오 사장님! 일일이 답장하기 힘든 예약 문의 때문에 힘드셨죠? ETERNAL SIX의 AI 파싱 솔루션으로 10초 만에 예약을 정리하세요.
bundang-rental-studio-noshow,분당,렌탈스튜디오,분당 렌탈스튜디오 노쇼 방지 블랙리스트,예약 노쇼와 진상 고객 대응,분당 렌탈스튜디오 사장님! 예약 노쇼와 진상 고객 대응 때문에 힘드셨죠? ETERNAL SIX의 AI 파싱 솔루션으로 10초 만에 예약을 정리하세요.
incheon-rental-studio-auto,인천,렌탈스튜디오,인천 렌탈스튜디오 카톡 예약 자동화,일일이 답장하기 힘든 예약 문의,인천 렌탈스튜디오 사장님! 일일이 답장하기 힘든 예약 문의 때문에 힘드셨죠? ETERNAL SIX의 AI 파싱 솔루션으로 10초 만에 예약을 정리하세요.
incheon-rental-studio-noshow,인천,렌탈스튜디오,인천 렌탈스튜디오 노쇼 방지 블랙리스트,예약 노쇼와 진상 고객 대응,인천 렌탈스튜디오 사장님! 예약 노쇼와 진상 고객 대응 때문에 힘드셨죠? ETERNAL SIX의 AI 파싱 솔루션으로 10초 만에 예약을 정리하세요.
busan-rental-studio-auto,부산,렌탈스튜디오,부산 렌탈스튜디오 카톡 예약 자동화,일일이 답장하기 힘든 예약 문의,부산 렌탈스튜디오 사장님! 일일이 답장하기 힘든 예약 문의 때문에 힘드셨죠? ETERNAL SIX의 AI 파싱 솔루션으로 10초 만에 예약을 정리하세요.
busan-rental-studio-noshow,부산,렌탈스튜디오,부산 렌탈스튜디오 노쇼 방지 블랙리스트,예약 노쇼와 진상 고객 대응,부산 렌탈스튜디오 사장님! 예약 노쇼와 진상 고객 대응 때문에 힘드셨죠? ETERNAL SIX의 AI 파싱 솔루션으로 10초 만에 예약을 정리하세요.
daegu-rental-studio-auto,대구,렌탈스튜디오,대구 렌탈스튜디오 카톡 예약 자동화,일일이 답장하기 힘든 예약 문의,대구 렌탈스튜디오 사장님! 일일이 답장하기 힘든 예약 문의 때문에 힘드셨죠? ETERNAL SIX의 AI 파싱 솔루션으로 10초 만에 예약을 정리하세요.
daegu-rental-studio-noshow,대구,렌탈스튜디오,대구 렌탈스튜디오 노쇼 방지 블랙리스트,예약 노쇼와 진상 고객 대응,대구 렌탈스튜디오 사장님! 예약 노쇼와 진상 고객 대응 때문에 힘드셨죠? ETERNAL SIX의 AI 파싱 솔루션으로 10초 만에 예약을 정리하세요.
gwangju-rental-studio-auto,광주,렌탈스튜디오,광주 렌탈스튜디오 카톡 예약 자동화,일일이 답장하기 힘든 예약 문의,광주 렌탈스튜디오 사장님! 일일이 답장하기 힘든 예약 문의 때문에 힘드셨죠? ETERNAL SIX의 AI 파싱 솔루션으로 10초 만에 예약을 정리하세요.
gwangju-rental-studio-noshow,광주,렌탈스튜디오,광주 렌탈스튜디오 노쇼 방지 블랙리스트,예약 노쇼와 진상 고객 대응,광주 렌탈스튜디오 사장님! 예약 노쇼와 진상 고객 대응 때문에 힘드셨죠? ETERNAL SIX의 AI 파싱 솔루션으로 10초 만에 예약을 정리하세요.
daejeon-rental-studio-auto,대전,렌탈스튜디오,대전 렌탈스튜디오 카톡 예약 자동화,일일이 답장하기 힘든 예약 문의,대전 렌탈스튜디오 사장님! 일일이 답장하기 힘든 예약 문의 때문에 힘드셨죠? ETERNAL SIX의 AI 파싱 솔루션으로 10초 만에 예약을 정리하세요.
daejeon-rental-studio-noshow,대전,렌탈스튜디오,대전 렌탈스튜디오 노쇼 방지 블랙리스트,예약 노쇼와 진상 고객 대응,대전 렌탈스튜디오 사장님! 예약 노쇼와 진상 고객 대응 때문에 힘드셨죠? ETERNAL SIX의 AI 파싱 솔루션으로 10초 만에 예약을 정리하세요.
gangnam-nail-shop-auto,강남,네일샵,강남 네일샵 카톡 예약 자동화,일일이 답장하기 힘든 예약 문의,강남 네일샵 사장님! 일일이 답장하기 힘든 예약 문의 때문에 힘드셨죠? ETERNAL SIX의 AI 파싱 솔루션으로 10초 만에 예약을 정리하세요.
gangnam-nail-shop-noshow,강남,네일샵,강남 네일샵 노쇼 방지 블랙리스트,예약 노쇼와 진상 고객 대응,강남 네일샵 사장님! 예약 노쇼와 진상 고객 대응 때문에 힘드셨죠? ETERNAL SIX의 AI 파싱 솔루션으로 10초 만에 예약을 정리하세요.
hongdae-nail-shop-auto,홍대,네일샵,홍대 네일샵 카톡 예약 자동화,일일이 답장하기 힘든 예약 문의,홍대 네일샵 사장님! 일일이 답장하기 힘든 예약 문의 때문에 힘드셨죠? ETERNAL SIX의 AI 파싱 솔루션으로 10초 만에 예약을 정리하세요.
hongdae-nail-shop-noshow,홍대,네일샵,홍대 네일샵 노쇼 방지 블랙리스트,예약 노쇼와 진상 고객 대응,홍대 네일샵 사장님! 예약 노쇼와 진상 고객 대응 때문에 힘드셨죠? ETERNAL SIX의 AI 파싱 솔루션으로 10초 만에 예약을 정리하세요.
seongsu-nail-shop-auto,성수,네일샵,성수 네일샵 카톡 예약 자동화,일일이 답장하기 힘든 예약 문의,성수 네일샵 사장님! 일일이 답장하기 힘든 예약 문의 때문에 힘드셨죠? ETERNAL SIX의 AI 파싱 솔루션으로 10초 만에 예약을 정리하세요.
seongsu-nail-shop-noshow,성수,네일샵,성수 네일샵 노쇼 방지 블랙리스트,예약 노쇼와 진상 고객 대응,성수 네일샵 사장님! 예약 노쇼와 진상 고객 대응 때문에 힘드셨죠? ETERNAL SIX의 AI 파싱 솔루션으로 10초 만에 예약을 정리하세요.
pangyo-nail-shop-auto,판교,네일샵,판교 네일샵 카톡 예약 자동화,일일이 답장하기 힘든 예약 문의,판교 네일샵 사장님! 일일이 답장하기 힘든 예약 문의 때문에 힘드셨죠? ETERNAL SIX의 AI 파싱 솔루션으로 10초 만에 예약을 정리하세요.
pangyo-nail-shop-noshow,판교,네일샵,판교 네일샵 노쇼 방지 블랙리스트,예약 노쇼와 진상 고객 대응,판교 네일샵 사장님! 예약 노쇼와 진상 고객 대응 때문에 힘드셨죠? ETERNAL SIX의 AI 파싱 솔루션으로 10초 만에 예약을 정리하세요.
bundang-nail-shop-auto,분당,네일샵,분당 네일샵 카톡 예약 자동화,일일이 답장하기 힘든 예약 문의,분당 네일샵 사장님! 일일이 답장하기 힘든 예약 문의 때문에 힘드셨죠? ETERNAL SIX의 AI 파싱 솔루션으로 10초 만에 예약을 정리하세요.
bundang-nail-shop-noshow,분당,네일샵,분당 네일샵 노쇼 방지 블랙리스트,예약 노쇼와 진상 고객 대응,분당 네일샵 사장님! 예약 노쇼와 진상 고객 대응 때문에 힘드셨죠? ETERNAL SIX의 AI 파싱 솔루션으로 10초 만에 예약을 정리하세요.
incheon-nail-shop-auto,인천,네일샵,인천 네일샵 카톡 예약 자동화,일일이 답장하기 힘든 예약 문의,인천 네일샵 사장님! 일일이 답장하기 힘든 예약 문의 때문에 힘드셨죠? ETERNAL SIX의 AI 파싱 솔루션으로 10초 만에 예약을 정리하세요.
incheon-nail-shop-noshow,인천,네일샵,인천 네일샵 노쇼 방지 블랙리스트,예약 노쇼와 진상 고객 대응,인천 네일샵 사장님! 예약 노쇼와 진상 고객 대응 때문에 힘드셨죠? ETERNAL SIX의 AI 파싱 솔루션으로 10초 만에 예약을 정리하세요.
busan-nail-shop-auto,부산,네일샵,부산 네일샵 카톡 예약 자동화,일일이 답장하기 힘든 예약 문의,부산 네일샵 사장님! 일일이 답장하기 힘든 예약 문의 때문에 힘드셨죠? ETERNAL SIX의 AI 파싱 솔루션으로 10초 만에 예약을 정리하세요.
busan-nail-shop-noshow,부산,네일샵,부산 네일샵 노쇼 방지 블랙리스트,예약 노쇼와 진상 고객 대응,부산 네일샵 사장님! 예약 노쇼와 진상 고객 대응 때문에 힘드셨죠? ETERNAL SIX의 AI 파싱 솔루션으로 10초 만에 예약을 정리하세요.
daegu-nail-shop-auto,대구,네일샵,대구 네일샵 카톡 예약 자동화,일일이 답장하기 힘든 예약 문의,대구 네일샵 사장님! 일일이 답장하기 힘든 예약 문의 때문에 힘드셨죠? ETERNAL SIX의 AI 파싱 솔루션으로 10초 만에 예약을 정리하세요.
daegu-nail-shop-noshow,대구,네일샵,대구 네일샵 노쇼 방지 블랙리스트,예약 노쇼와 진상 고객 대응,대구 네일샵 사장님! 예약 노쇼와 진상 고객 대응 때문에 힘드셨죠? ETERNAL SIX의 AI 파싱 솔루션으로 10초 만에 예약을 정리하세요.
gwangju-nail-shop-auto,광주,네일샵,광주 네일샵 카톡 예약 자동화,일일이 답장하기 힘든 예약 문의,광주 네일샵 사장님! 일일이 답장하기 힘든 예약 문의 때문에 힘드셨죠? ETERNAL SIX의 AI 파싱 솔루션으로 10초 만에 예약을 정리하세요.
gwangju-nail-shop-noshow,광주,네일샵,광주 네일샵 노쇼 방지 블랙리스트,예약 노쇼와 진상 고객 대응,광주 네일샵 사장님! 예약 노쇼와 진상 고객 대응 때문에 힘드셨죠? ETERNAL SIX의 AI 파싱 솔루션으로 10초 만에 예약을 정리하세요.
daejeon-nail-shop-auto,대전,네일샵,대전 네일샵 카톡 예약 자동화,일일이 답장하기 힘든 예약 문의,대전 네일샵 사장님! 일일이 답장하기 힘든 예약 문의 때문에 힘드셨죠? ETERNAL SIX의 AI 파싱 솔루션으로 10초 만에 예약을 정리하세요.
daejeon-nail-shop-noshow,대전,네일샵,대전 네일샵 노쇼 방지 블랙리스트,예약 노쇼와 진상 고객 대응,대전 네일샵 사장님! 예약 노쇼와 진상 고객 대응 때문에 힘드셨죠? ETERNAL SIX의 AI 파싱 솔루션으로 10초 만에 예약을 정리하세요.
gangnam-pet-grooming-auto,강남,애견미용,강남 애견미용 카톡 예약 자동화,일일이 답장하기 힘든 예약 문의,강남 애견미용 사장님! 일일이 답장하기 힘든 예약 문의 때문에 힘드셨죠? ETERNAL SIX의 AI 파싱 솔루션으로 10초 만에 예약을 정리하세요.
gangnam-pet-grooming-noshow,강남,애견미용,강남 애견미용 노쇼 방지 블랙리스트,예약 노쇼와 진상 고객 대응,강남 애견미용 사장님! 예약 노쇼와 진상 고객 대응 때문에 힘드셨죠? ETERNAL SIX의 AI 파싱 솔루션으로 10초 만에 예약을 정리하세요.
hongdae-pet-grooming-auto,홍대,애견미용,홍대 애견미용 카톡 예약 자동화,일일이 답장하기 힘든 예약 문의,홍대 애견미용 사장님! 일일이 답장하기 힘든 예약 문의 때문에 힘드셨죠? ETERNAL SIX의 AI 파싱 솔루션으로 10초 만에 예약을 정리하세요.
hongdae-pet-grooming-noshow,홍대,애견미용,홍대 애견미용 노쇼 방지 블랙리스트,예약 노쇼와 진상 고객 대응,홍대 애견미용 사장님! 예약 노쇼와 진상 고객 대응 때문에 힘드셨죠? ETERNAL SIX의 AI 파싱 솔루션으로 10초 만에 예약을 정리하세요.
seongsu-pet-grooming-auto,성수,애견미용,성수 애견미용 카톡 예약 자동화,일일이 답장하기 힘든 예약 문의,성수 애견미용 사장님! 일일이 답장하기 힘든 예약 문의 때문에 힘드셨죠? ETERNAL SIX의 AI 파싱 솔루션으로 10초 만에 예약을 정리하세요.
seongsu-pet-grooming-noshow,성수,애견미용,성수 애견미용 노쇼 방지 블랙리스트,예약 노쇼와 진상 고객 대응,성수 애견미용 사장님! 예약 노쇼와 진상 고객 대응 때문에 힘드셨죠? ETERNAL SIX의 AI 파싱 솔루션으로 10초 만에 예약을 정리하세요.
pangyo-pet-grooming-auto,판교,애견미용,판교 애견미용 카톡 예약 자동화,일일이 답장하기 힘든 예약 문의,판교 애견미용 사장님! 일일이 답장하기 힘든 예약 문의 때문에 힘드셨죠? ETERNAL SIX의 AI 파싱 솔루션으로 10초 만에 예약을 정리하세요.
pangyo-pet-grooming-noshow,판교,애견미용,판교 애견미용 노쇼 방지 블랙리스트,예약 노쇼와 진상 고객 대응,판교 애견미용 사장님! 예약 노쇼와 진상 고객 대응 때문에 힘드셨죠? ETERNAL SIX의 AI 파싱 솔루션으로 10초 만에 예약을 정리하세요.
bundang-pet-grooming-auto,분당,애견미용,분당 애견미용 카톡 예약 자동화,일일이 답장하기 힘든 예약 문의,분당 애견미용 사장님! 일일이 답장하기 힘든 예약 문의 때문에 힘드셨죠? ETERNAL SIX의 AI 파싱 솔루션으로 10초 만에 예약을 정리하세요.
bundang-pet-grooming-noshow,분당,애견미용,분당 애견미용 노쇼 방지 블랙리스트,예약 노쇼와 진상 고객 대응,분당 애견미용 사장님! 예약 노쇼와 진상 고객 대응 때문에 힘드셨죠? ETERNAL SIX의 AI 파싱 솔루션으로 10초 만에 예약을 정리하세요.
incheon-pet-grooming-auto,인천,애견미용,인천 애견미용 카톡 예약 자동화,일일이 답장하기 힘든 예약 문의,인천 애견미용 사장님! 일일이 답장하기 힘든 예약 문의 때문에 힘드셨죠? ETERNAL SIX의 AI 파싱 솔루션으로 10초 만에 예약을 정리하세요.
incheon-pet-grooming-noshow,인천,애견미용,인천 애견미용 노쇼 방지 블랙리스트,예약 노쇼와 진상 고객 대응,인천 애견미용 사장님! 예약 노쇼와 진상 고객 대응 때문에 힘드셨죠? ETERNAL SIX의 AI 파싱 솔루션으로 10초 만에 예약을 정리하세요.
busan-pet-grooming-auto,부산,애견미용,부산 애견미용 카톡 예약 자동화,일일이 답장하기 힘든 예약 문의,부산 애견미용 사장님! 일일이 답장하기 힘든 예약 문의 때문에 힘드셨죠? ETERNAL SIX의 AI 파싱 솔루션으로 10초 만에 예약을 정리하세요.
busan-pet-grooming-noshow,부산,애견미용,부산 애견미용 노쇼 방지 블랙리스트,예약 노쇼와 진상 고객 대응,부산 애견미용 사장님! 예약 노쇼와 진상 고객 대응 때문에 힘드셨죠? ETERNAL SIX의 AI 파싱 솔루션으로 10초 만에 예약을 정리하세요.
daegu-pet-grooming-auto,대구,애견미용,대구 애견미용 카톡 예약 자동화,일일이 답장하기 힘든 예약 문의,대구 애견미용 사장님! 일일이 답장하기 힘든 예약 문의 때문에 힘드셨죠? ETERNAL SIX의 AI 파싱 솔루션으로 10초 만에 예약을 정리하세요.
daegu-pet-grooming-noshow,대구,애견미용,대구 애견미용 노쇼 방지 블랙리스트,예약 노쇼와 진상 고객 대응,대구 애견미용 사장님! 예약 노쇼와 진상 고객 대응 때문에 힘드셨죠? ETERNAL SIX의 AI 파싱 솔루션으로 10초 만에 예약을 정리하세요.
gwangju-pet-grooming-auto,광주,애견미용,광주 애견미용 카톡 예약 자동화,일일이 답장하기 힘든 예약 문의,광주 애견미용 사장님! 일일이 답장하기 힘든 예약 문의 때문에 힘드셨죠? ETERNAL SIX의 AI 파싱 솔루션으로 10초 만에 예약을 정리하세요.
gwangju-pet-grooming-noshow,광주,애견미용,광주 애견미용 노쇼 방지 블랙리스트,예약 노쇼와 진상 고객 대응,광주 애견미용 사장님! 예약 노쇼와 진상 고객 대응 때문에 힘드셨죠? ETERNAL SIX의 AI 파싱 솔루션으로 10초 만에 예약을 정리하세요.
daejeon-pet-grooming-auto,대전,애견미용,대전 애견미용 카톡 예약 자동화,일일이 답장하기 힘든 예약 문의,대전 애견미용 사장님! 일일이 답장하기 힘든 예약 문의 때문에 힘드셨죠? ETERNAL SIX의 AI 파싱 솔루션으로 10초 만에 예약을 정리하세요.
daejeon-pet-grooming-noshow,대전,애견미용,대전 애견미용 노쇼 방지 블랙리스트,예약 노쇼와 진상 고객 대응,대전 애견미용 사장님! 예약 노쇼와 진상 고객 대응 때문에 힘드셨죠? ETERNAL SIX의 AI 파싱 솔루션으로 10초 만에 예약을 정리하세요.
gangnam-oneday-class-auto,강남,원데이클래스,강남 원데이클래스 카톡 예약 자동화,일일이 답장하기 힘든 예약 문의,강남 원데이클래스 사장님! 일일이 답장하기 힘든 예약 문의 때문에 힘드셨죠? ETERNAL SIX의 AI 파싱 솔루션으로 10초 만에 예약을 정리하세요.
gangnam-oneday-class-noshow,강남,원데이클래스,강남 원데이클래스 노쇼 방지 블랙리스트,예약 노쇼와 진상 고객 대응,강남 원데이클래스 사장님! 예약 노쇼와 진상 고객 대응 때문에 힘드셨죠? ETERNAL SIX의 AI 파싱 솔루션으로 10초 만에 예약을 정리하세요.
hongdae-oneday-class-auto,홍대,원데이클래스,홍대 원데이클래스 카톡 예약 자동화,일일이 답장하기 힘든 예약 문의,홍대 원데이클래스 사장님! 일일이 답장하기 힘든 예약 문의 때문에 힘드셨죠? ETERNAL SIX의 AI 파싱 솔루션으로 10초 만에 예약을 정리하세요.
hongdae-oneday-class-noshow,홍대,원데이클래스,홍대 원데이클래스 노쇼 방지 블랙리스트,예약 노쇼와 진상 고객 대응,홍대 원데이클래스 사장님! 예약 노쇼와 진상 고객 대응 때문에 힘드셨죠? ETERNAL SIX의 AI 파싱 솔루션으로 10초 만에 예약을 정리하세요.
seongsu-oneday-class-auto,성수,원데이클래스,성수 원데이클래스 카톡 예약 자동화,일일이 답장하기 힘든 예약 문의,성수 원데이클래스 사장님! 일일이 답장하기 힘든 예약 문의 때문에 힘드셨죠? ETERNAL SIX의 AI 파싱 솔루션으로 10초 만에 예약을 정리하세요.
seongsu-oneday-class-noshow,성수,원데이클래스,성수 원데이클래스 노쇼 방지 블랙리스트,예약 노쇼와 진상 고객 대응,성수 원데이클래스 사장님! 예약 노쇼와 진상 고객 대응 때문에 힘드셨죠? ETERNAL SIX의 AI 파싱 솔루션으로 10초 만에 예약을 정리하세요.
pangyo-oneday-class-auto,판교,원데이클래스,판교 원데이클래스 카톡 예약 자동화,일일이 답장하기 힘든 예약 문의,판교 원데이클래스 사장님! 일일이 답장하기 힘든 예약 문의 때문에 힘드셨죠? ETERNAL SIX의 AI 파싱 솔루션으로 10초 만에 예약을 정리하세요.
pangyo-oneday-class-noshow,판교,원데이클래스,판교 원데이클래스 노쇼 방지 블랙리스트,예약 노쇼와 진상 고객 대응,판교 원데이클래스 사장님! 예약 노쇼와 진상 고객 대응 때문에 힘드셨죠? ETERNAL SIX의 AI 파싱 솔루션으로 10초 만에 예약을 정리하세요.
bundang-oneday-class-auto,분당,원데이클래스,분당 원데이클래스 카톡 예약 자동화,일일이 답장하기 힘든 예약 문의,분당 원데이클래스 사장님! 일일이 답장하기 힘든 예약 문의 때문에 힘드셨죠? ETERNAL SIX의 AI 파싱 솔루션으로 10초 만에 예약을 정리하세요.
bundang-oneday-class-noshow,분당,원데이클래스,분당 원데이클래스 노쇼 방지 블랙리스트,예약 노쇼와 진상 고객 대응,분당 원데이클래스 사장님! 예약 노쇼와 진상 고객 대응 때문에 힘드셨죠? ETERNAL SIX의 AI 파싱 솔루션으로 10초 만에 예약을 정리하세요.
incheon-oneday-class-auto,인천,원데이클래스,인천 원데이클래스 카톡 예약 자동화,일일이 답장하기 힘든 예약 문의,인천 원데이클래스 사장님! 일일이 답장하기 힘든 예약 문의 때문에 힘드셨죠? ETERNAL SIX의 AI 파싱 솔루션으로 10초 만에 예약을 정리하세요.
incheon-oneday-class-noshow,인천,원데이클래스,인천 원데이클래스 노쇼 방지 블랙리스트,예약 노쇼와 진상 고객 대응,인천 원데이클래스 사장님! 예약 노쇼와 진상 고객 대응 때문에 힘드셨죠? ETERNAL SIX의 AI 파싱 솔루션으로 10초 만에 예약을 정리하세요.
busan-oneday-class-auto,부산,원데이클래스,부산 원데이클래스 카톡 예약 자동화,일일이 답장하기 힘든 예약 문의,부산 원데이클래스 사장님! 일일이 답장하기 힘든 예약 문의 때문에 힘드셨죠? ETERNAL SIX의 AI 파싱 솔루션으로 10초 만에 예약을 정리하세요.
busan-oneday-class-noshow,부산,원데이클래스,부산 원데이클래스 노쇼 방지 블랙리스트,예약 노쇼와 진상 고객 대응,부산 원데이클래스 사장님! 예약 노쇼와 진상 고객 대응 때문에 힘드셨죠? ETERNAL SIX의 AI 파싱 솔루션으로 10초 만에 예약을 정리하세요.
daegu-oneday-class-auto,대구,원데이클래스,대구 원데이클래스 카톡 예약 자동화,일일이 답장하기 힘든 예약 문의,대구 원데이클래스 사장님! 일일이 답장하기 힘든 예약 문의 때문에 힘드셨죠? ETERNAL SIX의 AI 파싱 솔루션으로 10초 만에 예약을 정리하세요.
daegu-oneday-class-noshow,대구,원데이클래스,대구 원데이클래스 노쇼 방지 블랙리스트,예약 노쇼와 진상 고객 대응,대구 원데이클래스 사장님! 예약 노쇼와 진상 고객 대응 때문에 힘드셨죠? ETERNAL SIX의 AI 파싱 솔루션으로 10초 만에 예약을 정리하세요.
gwangju-oneday-class-auto,광주,원데이클래스,광주 원데이클래스 카톡 예약 자동화,일일이 답장하기 힘든 예약 문의,광주 원데이클래스 사장님! 일일이 답장하기 힘든 예약 문의 때문에 힘드셨죠? ETERNAL SIX의 AI 파싱 솔루션으로 10초 만에 예약을 정리하세요.
gwangju-oneday-class-noshow,광주,원데이클래스,광주 원데이클래스 노쇼 방지 블랙리스트,예약 노쇼와 진상 고객 대응,광주 원데이클래스 사장님! 예약 노쇼와 진상 고객 대응 때문에 힘드셨죠? ETERNAL SIX의 AI 파싱 솔루션으로 10초 만에 예약을 정리하세요.
daejeon-oneday-class-auto,대전,원데이클래스,대전 원데이클래스 카톡 예약 자동화,일일이 답장하기 힘든 예약 문의,대전 원데이클래스 사장님! 일일이 답장하기 힘든 예약 문의 때문에 힘드셨죠? ETERNAL SIX의 AI 파싱 솔루션으로 10초 만에 예약을 정리하세요.
daejeon-oneday-class-noshow,대전,원데이클래스,대전 원데이클래스 노쇼 방지 블랙리스트,예약 노쇼와 진상 고객 대응,대전 원데이클래스 사장님! 예약 노쇼와 진상 고객 대응 때문에 힘드셨죠? ETERNAL SIX의 AI 파싱 솔루션으로 10초 만에 예약을 정리하세요.
gangnam-waxing-shop-auto,강남,왁싱샵,강남 왁싱샵 카톡 예약 자동화,일일이 답장하기 힘든 예약 문의,강남 왁싱샵 사장님! 일일이 답장하기 힘든 예약 문의 때문에 힘드셨죠? ETERNAL SIX의 AI 파싱 솔루션으로 10초 만에 예약을 정리하세요.
gangnam-waxing-shop-noshow,강남,왁싱샵,강남 왁싱샵 노쇼 방지 블랙리스트,예약 노쇼와 진상 고객 대응,강남 왁싱샵 사장님! 예약 노쇼와 진상 고객 대응 때문에 힘드셨죠? ETERNAL SIX의 AI 파싱 솔루션으로 10초 만에 예약을 정리하세요.
hongdae-waxing-shop-auto,홍대,왁싱샵,홍대 왁싱샵 카톡 예약 자동화,일일이 답장하기 힘든 예약 문의,홍대 왁싱샵 사장님! 일일이 답장하기 힘든 예약 문의 때문에 힘드셨죠? ETERNAL SIX의 AI 파싱 솔루션으로 10초 만에 예약을 정리하세요.
hongdae-waxing-shop-noshow,홍대,왁싱샵,홍대 왁싱샵 노쇼 방지 블랙리스트,예약 노쇼와 진상 고객 대응,홍대 왁싱샵 사장님! 예약 노쇼와 진상 고객 대응 때문에 힘드셨죠? ETERNAL SIX의 AI 파싱 솔루션으로 10초 만에 예약을 정리하세요.
seongsu-waxing-shop-auto,성수,왁싱샵,성수 왁싱샵 카톡 예약 자동화,일일이 답장하기 힘든 예약 문의,성수 왁싱샵 사장님! 일일이 답장하기 힘든 예약 문의 때문에 힘드셨죠? ETERNAL SIX의 AI 파싱 솔루션으로 10초 만에 예약을 정리하세요.
seongsu-waxing-shop-noshow,성수,왁싱샵,성수 왁싱샵 노쇼 방지 블랙리스트,예약 노쇼와 진상 고객 대응,성수 왁싱샵 사장님! 예약 노쇼와 진상 고객 대응 때문에 힘드셨죠? ETERNAL SIX의 AI 파싱 솔루션으로 10초 만에 예약을 정리하세요.
pangyo-waxing-shop-auto,판교,왁싱샵,판교 왁싱샵 카톡 예약 자동화,일일이 답장하기 힘든 예약 문의,판교 왁싱샵 사장님! 일일이 답장하기 힘든 예약 문의 때문에 힘드셨죠? ETERNAL SIX의 AI 파싱 솔루션으로 10초 만에 예약을 정리하세요.
pangyo-waxing-shop-noshow,판교,왁싱샵,판교 왁싱샵 노쇼 방지 블랙리스트,예약 노쇼와 진상 고객 대응,판교 왁싱샵 사장님! 예약 노쇼와 진상 고객 대응 때문에 힘드셨죠? ETERNAL SIX의 AI 파싱 솔루션으로 10초 만에 예약을 정리하세요.
bundang-waxing-shop-auto,분당,왁싱샵,분당 왁싱샵 카톡 예약 자동화,일일이 답장하기 힘든 예약 문의,분당 왁싱샵 사장님! 일일이 답장하기 힘든 예약 문의 때문에 힘드셨죠? ETERNAL SIX의 AI 파싱 솔루션으로 10초 만에 예약을 정리하세요.
bundang-waxing-shop-noshow,분당,왁싱샵,분당 왁싱샵 노쇼 방지 블랙리스트,예약 노쇼와 진상 고객 대응,분당 왁싱샵 사장님! 예약 노쇼와 진상 고객 대응 때문에 힘드셨죠? ETERNAL SIX의 AI 파싱 솔루션으로 10초 만에 예약을 정리하세요.
incheon-waxing-shop-auto,인천,왁싱샵,인천 왁싱샵 카톡 예약 자동화,일일이 답장하기 힘든 예약 문의,인천 왁싱샵 사장님! 일일이 답장하기 힘든 예약 문의 때문에 힘드셨죠? ETERNAL SIX의 AI 파싱 솔루션으로 10초 만에 예약을 정리하세요.
incheon-waxing-shop-noshow,인천,왁싱샵,인천 왁싱샵 노쇼 방지 블랙리스트,예약 노쇼와 진상 고객 대응,인천 왁싱샵 사장님! 예약 노쇼와 진상 고객 대응 때문에 힘드셨죠? ETERNAL SIX의 AI 파싱 솔루션으로 10초 만에 예약을 정리하세요.
busan-waxing-shop-auto,부산,왁싱샵,부산 왁싱샵 카톡 예약 자동화,일일이 답장하기 힘든 예약 문의,부산 왁싱샵 사장님! 일일이 답장하기 힘든 예약 문의 때문에 힘드셨죠? ETERNAL SIX의 AI 파싱 솔루션으로 10초 만에 예약을 정리하세요.
busan-waxing-shop-noshow,부산,왁싱샵,부산 왁싱샵 노쇼 방지 블랙리스트,예약 노쇼와 진상 고객 대응,부산 왁싱샵 사장님! 예약 노쇼와 진상 고객 대응 때문에 힘드셨죠? ETERNAL SIX의 AI 파싱 솔루션으로 10초 만에 예약을 정리하세요.
daegu-waxing-shop-auto,대구,왁싱샵,대구 왁싱샵 카톡 예약 자동화,일일이 답장하기 힘든 예약 문의,대구 왁싱샵 사장님! 일일이 답장하기 힘든 예약 문의 때문에 힘드셨죠? ETERNAL SIX의 AI 파싱 솔루션으로 10초 만에 예약을 정리하세요.
daegu-waxing-shop-noshow,대구,왁싱샵,대구 왁싱샵 노쇼 방지 블랙리스트,예약 노쇼와 진상 고객 대응,대구 왁싱샵 사장님! 예약 노쇼와 진상 고객 대응 때문에 힘드셨죠? ETERNAL SIX의 AI 파싱 솔루션으로 10초 만에 예약을 정리하세요.
gwangju-waxing-shop-auto,광주,왁싱샵,광주 왁싱샵 카톡 예약 자동화,일일이 답장하기 힘든 예약 문의,광주 왁싱샵 사장님! 일일이 답장하기 힘든 예약 문의 때문에 힘드셨죠? ETERNAL SIX의 AI 파싱 솔루션으로 10초 만에 예약을 정리하세요.
gwangju-waxing-shop-noshow,광주,왁싱샵,광주 왁싱샵 노쇼 방지 블랙리스트,예약 노쇼와 진상 고객 대응,광주 왁싱샵 사장님! 예약 노쇼와 진상 고객 대응 때문에 힘드셨죠? ETERNAL SIX의 AI 파싱 솔루션으로 10초 만에 예약을 정리하세요.
daejeon-waxing-shop-auto,대전,왁싱샵,대전 왁싱샵 카톡 예약 자동화,일일이 답장하기 힘든 예약 문의,대전 왁싱샵 사장님! 일일이 답장하기 힘든 예약 문의 때문에 힘드셨죠? ETERNAL SIX의 AI 파싱 솔루션으로 10초 만에 예약을 정리하세요.
daejeon-waxing-shop-noshow,대전,왁싱샵,대전 왁싱샵 노쇼 방지 블랙리스트,예약 노쇼와 진상 고객 대응,대전 왁싱샵 사장님! 예약 노쇼와 진상 고객 대응 때문에 힘드셨죠? ETERNAL SIX의 AI 파싱 솔루션으로 10초 만에 예약을 정리하세요.
gangnam-counseling-auto,강남,심리상담소,강남 심리상담소 카톡 예약 자동화,일일이 답장하기 힘든 예약 문의,강남 심리상담소 사장님! 일일이 답장하기 힘든 예약 문의 때문에 힘드셨죠? ETERNAL SIX의 AI 파싱 솔루션으로 10초 만에 예약을 정리하세요.
gangnam-counseling-noshow,강남,심리상담소,강남 심리상담소 노쇼 방지 블랙리스트,예약 노쇼와 진상 고객 대응,강남 심리상담소 사장님! 예약 노쇼와 진상 고객 대응 때문에 힘드셨죠? ETERNAL SIX의 AI 파싱 솔루션으로 10초 만에 예약을 정리하세요.
hongdae-counseling-auto,홍대,심리상담소,홍대 심리상담소 카톡 예약 자동화,일일이 답장하기 힘든 예약 문의,홍대 심리상담소 사장님! 일일이 답장하기 힘든 예약 문의 때문에 힘드셨죠? ETERNAL SIX의 AI 파싱 솔루션으로 10초 만에 예약을 정리하세요.
hongdae-counseling-noshow,홍대,심리상담소,홍대 심리상담소 노쇼 방지 블랙리스트,예약 노쇼와 진상 고객 대응,홍대 심리상담소 사장님! 예약 노쇼와 진상 고객 대응 때문에 힘드셨죠? ETERNAL SIX의 AI 파싱 솔루션으로 10초 만에 예약을 정리하세요.
seongsu-counseling-auto,성수,심리상담소,성수 심리상담소 카톡 예약 자동화,일일이 답장하기 힘든 예약 문의,성수 심리상담소 사장님! 일일이 답장하기 힘든 예약 문의 때문에 힘드셨죠? ETERNAL SIX의 AI 파싱 솔루션으로 10초 만에 예약을 정리하세요.
seongsu-counseling-noshow,성수,심리상담소,성수 심리상담소 노쇼 방지 블랙리스트,예약 노쇼와 진상 고객 대응,성수 심리상담소 사장님! 예약 노쇼와 진상 고객 대응 때문에 힘드셨죠? ETERNAL SIX의 AI 파싱 솔루션으로 10초 만에 예약을 정리하세요.
pangyo-counseling-auto,판교,심리상담소,판교 심리상담소 카톡 예약 자동화,일일이 답장하기 힘든 예약 문의,판교 심리상담소 사장님! 일일이 답장하기 힘든 예약 문의 때문에 힘드셨죠? ETERNAL SIX의 AI 파싱 솔루션으로 10초 만에 예약을 정리하세요.
pangyo-counseling-noshow,판교,심리상담소,판교 심리상담소 노쇼 방지 블랙리스트,예약 노쇼와 진상 고객 대응,판교 심리상담소 사장님! 예약 노쇼와 진상 고객 대응 때문에 힘드셨죠? ETERNAL SIX의 AI 파싱 솔루션으로 10초 만에 예약을 정리하세요.
bundang-counseling-auto,분당,심리상담소,분당 심리상담소 카톡 예약 자동화,일일이 답장하기 힘든 예약 문의,분당 심리상담소 사장님! 일일이 답장하기 힘든 예약 문의 때문에 힘드셨죠? ETERNAL SIX의 AI 파싱 솔루션으로 10초 만에 예약을 정리하세요.
bundang-counseling-noshow,분당,심리상담소,분당 심리상담소 노쇼 방지 블랙리스트,예약 노쇼와 진상 고객 대응,분당 심리상담소 사장님! 예약 노쇼와 진상 고객 대응 때문에 힘드셨죠? ETERNAL SIX의 AI 파싱 솔루션으로 10초 만에 예약을 정리하세요.
incheon-counseling-auto,인천,심리상담소,인천 심리상담소 카톡 예약 자동화,일일이 답장하기 힘든 예약 문의,인천 심리상담소 사장님! 일일이 답장하기 힘든 예약 문의 때문에 힘드셨죠? ETERNAL SIX의 AI 파싱 솔루션으로 10초 만에 예약을 정리하세요.
incheon-counseling-noshow,인천,심리상담소,인천 심리상담소 노쇼 방지 블랙리스트,예약 노쇼와 진상 고객 대응,인천 심리상담소 사장님! 예약 노쇼와 진상 고객 대응 때문에 힘드셨죠? ETERNAL SIX의 AI 파싱 솔루션으로 10초 만에 예약을 정리하세요.
busan-counseling-auto,부산,심리상담소,부산 심리상담소 카톡 예약 자동화,일일이 답장하기 힘든 예약 문의,부산 심리상담소 사장님! 일일이 답장하기 힘든 예약 문의 때문에 힘드셨죠? ETERNAL SIX의 AI 파싱 솔루션으로 10초 만에 예약을 정리하세요.
busan-counseling-noshow,부산,심리상담소,부산 심리상담소 노쇼 방지 블랙리스트,예약 노쇼와 진상 고객 대응,부산 심리상담소 사장님! 예약 노쇼와 진상 고객 대응 때문에 힘드셨죠? ETERNAL SIX의 AI 파싱 솔루션으로 10초 만에 예약을 정리하세요.
daegu-counseling-auto,대구,심리상담소,대구 심리상담소 카톡 예약 자동화,일일이 답장하기 힘든 예약 문의,대구 심리상담소 사장님! 일일이 답장하기 힘든 예약 문의 때문에 힘드셨죠? ETERNAL SIX의 AI 파싱 솔루션으로 10초 만에 예약을 정리하세요.
daegu-counseling-noshow,대구,심리상담소,대구 심리상담소 노쇼 방지 블랙리스트,예약 노쇼와 진상 고객 대응,대구 심리상담소 사장님! 예약 노쇼와 진상 고객 대응 때문에 힘드셨죠? ETERNAL SIX의 AI 파싱 솔루션으로 10초 만에 예약을 정리하세요.
gwangju-counseling-auto,광주,심리상담소,광주 심리상담소 카톡 예약 자동화,일일이 답장하기 힘든 예약 문의,광주 심리상담소 사장님! 일일이 답장하기 힘든 예약 문의 때문에 힘드셨죠? ETERNAL SIX의 AI 파싱 솔루션으로 10초 만에 예약을 정리하세요.
gwangju-counseling-noshow,광주,심리상담소,광주 심리상담소 노쇼 방지 블랙리스트,예약 노쇼와 진상 고객 대응,광주 심리상담소 사장님! 예약 노쇼와 진상 고객 대응 때문에 힘드셨죠? ETERNAL SIX의 AI 파싱 솔루션으로 10초 만에 예약을 정리하세요.
daejeon-counseling-auto,대전,심리상담소,대전 심리상담소 카톡 예약 자동화,일일이 답장하기 힘든 예약 문의,대전 심리상담소 사장님! 일일이 답장하기 힘든 예약 문의 때문에 힘드셨죠? ETERNAL SIX의 AI 파싱 솔루션으로 10초 만에 예약을 정리하세요.
daejeon-counseling-noshow,대전,심리상담소,대전 심리상담소 노쇼 방지 블랙리스트,예약 노쇼와 진상 고객 대응,대전 심리상담소 사장님! 예약 노쇼와 진상 고객 대응 때문에 힘드셨죠? ETERNAL SIX의 AI 파싱 솔루션으로 10초 만에 예약을 정리하세요.
gangnam-coworking-auto,강남,공유오피스,강남 공유오피스 카톡 예약 자동화,일일이 답장하기 힘든 예약 문의,강남 공유오피스 사장님! 일일이 답장하기 힘든 예약 문의 때문에 힘드셨죠? ETERNAL SIX의 AI 파싱 솔루션으로 10초 만에 예약을 정리하세요.
gangnam-coworking-noshow,강남,공유오피스,강남 공유오피스 노쇼 방지 블랙리스트,예약 노쇼와 진상 고객 대응,강남 공유오피스 사장님! 예약 노쇼와 진상 고객 대응 때문에 힘드셨죠? ETERNAL SIX의 AI 파싱 솔루션으로 10초 만에 예약을 정리하세요.
hongdae-coworking-auto,홍대,공유오피스,홍대 공유오피스 카톡 예약 자동화,일일이 답장하기 힘든 예약 문의,홍대 공유오피스 사장님! 일일이 답장하기 힘든 예약 문의 때문에 힘드셨죠? ETERNAL SIX의 AI 파싱 솔루션으로 10초 만에 예약을 정리하세요.
hongdae-coworking-noshow,홍대,공유오피스,홍대 공유오피스 노쇼 방지 블랙리스트,예약 노쇼와 진상 고객 대응,홍대 공유오피스 사장님! 예약 노쇼와 진상 고객 대응 때문에 힘드셨죠? ETERNAL SIX의 AI 파싱 솔루션으로 10초 만에 예약을 정리하세요.
seongsu-coworking-auto,성수,공유오피스,성수 공유오피스 카톡 예약 자동화,일일이 답장하기 힘든 예약 문의,성수 공유오피스 사장님! 일일이 답장하기 힘든 예약 문의 때문에 힘드셨죠? ETERNAL SIX의 AI 파싱 솔루션으로 10초 만에 예약을 정리하세요.
seongsu-coworking-noshow,성수,공유오피스,성수 공유오피스 노쇼 방지 블랙리스트,예약 노쇼와 진상 고객 대응,성수 공유오피스 사장님! 예약 노쇼와 진상 고객 대응 때문에 힘드셨죠? ETERNAL SIX의 AI 파싱 솔루션으로 10초 만에 예약을 정리하세요.
pangyo-coworking-auto,판교,공유오피스,판교 공유오피스 카톡 예약 자동화,일일이 답장하기 힘든 예약 문의,판교 공유오피스 사장님! 일일이 답장하기 힘든 예약 문의 때문에 힘드셨죠? ETERNAL SIX의 AI 파싱 솔루션으로 10초 만에 예약을 정리하세요.
pangyo-coworking-noshow,판교,공유오피스,판교 공유오피스 노쇼 방지 블랙리스트,예약 노쇼와 진상 고객 대응,판교 공유오피스 사장님! 예약 노쇼와 진상 고객 대응 때문에 힘드셨죠? ETERNAL SIX의 AI 파싱 솔루션으로 10초 만에 예약을 정리하세요.
bundang-coworking-auto,분당,공유오피스,분당 공유오피스 카톡 예약 자동화,일일이 답장하기 힘든 예약 문의,분당 공유오피스 사장님! 일일이 답장하기 힘든 예약 문의 때문에 힘드셨죠? ETERNAL SIX의 AI 파싱 솔루션으로 10초 만에 예약을 정리하세요.
bundang-coworking-noshow,분당,공유오피스,분당 공유오피스 노쇼 방지 블랙리스트,예약 노쇼와 진상 고객 대응,분당 공유오피스 사장님! 예약 노쇼와 진상 고객 대응 때문에 힘드셨죠? ETERNAL SIX의 AI 파싱 솔루션으로 10초 만에 예약을 정리하세요.
incheon-coworking-auto,인천,공유오피스,인천 공유오피스 카톡 예약 자동화,일일이 답장하기 힘든 예약 문의,인천 공유오피스 사장님! 일일이 답장하기 힘든 예약 문의 때문에 힘드셨죠? ETERNAL SIX의 AI 파싱 솔루션으로 10초 만에 예약을 정리하세요.
incheon-coworking-noshow,인천,공유오피스,인천 공유오피스 노쇼 방지 블랙리스트,예약 노쇼와 진상 고객 대응,인천 공유오피스 사장님! 예약 노쇼와 진상 고객 대응 때문에 힘드셨죠? ETERNAL SIX의 AI 파싱 솔루션으로 10초 만에 예약을 정리하세요.
busan-coworking-auto,부산,공유오피스,부산 공유오피스 카톡 예약 자동화,일일이 답장하기 힘든 예약 문의,부산 공유오피스 사장님! 일일이 답장하기 힘든 예약 문의 때문에 힘드셨죠? ETERNAL SIX의 AI 파싱 솔루션으로 10초 만에 예약을 정리하세요.
busan-coworking-noshow,부산,공유오피스,부산 공유오피스 노쇼 방지 블랙리스트,예약 노쇼와 진상 고객 대응,부산 공유오피스 사장님! 예약 노쇼와 진상 고객 대응 때문에 힘드셨죠? ETERNAL SIX의 AI 파싱 솔루션으로 10초 만에 예약을 정리하세요.
daegu-coworking-auto,대구,공유오피스,대구 공유오피스 카톡 예약 자동화,일일이 답장하기 힘든 예약 문의,대구 공유오피스 사장님! 일일이 답장하기 힘든 예약 문의 때문에 힘드셨죠? ETERNAL SIX의 AI 파싱 솔루션으로 10초 만에 예약을 정리하세요.
daegu-coworking-noshow,대구,공유오피스,대구 공유오피스 노쇼 방지 블랙리스트,예약 노쇼와 진상 고객 대응,대구 공유오피스 사장님! 예약 노쇼와 진상 고객 대응 때문에 힘드셨죠? ETERNAL SIX의 AI 파싱 솔루션으로 10초 만에 예약을 정리하세요.
gwangju-coworking-auto,광주,공유오피스,광주 공유오피스 카톡 예약 자동화,일일이 답장하기 힘든 예약 문의,광주 공유오피스 사장님! 일일이 답장하기 힘든 예약 문의 때문에 힘드셨죠? ETERNAL SIX의 AI 파싱 솔루션으로 10초 만에 예약을 정리하세요.
gwangju-coworking-noshow,광주,공유오피스,광주 공유오피스 노쇼 방지 블랙리스트,예약 노쇼와 진상 고객 대응,광주 공유오피스 사장님! 예약 노쇼와 진상 고객 대응 때문에 힘드셨죠? ETERNAL SIX의 AI 파싱 솔루션으로 10초 만에 예약을 정리하세요.
daejeon-coworking-auto,대전,공유오피스,대전 공유오피스 카톡 예약 자동화,일일이 답장하기 힘든 예약 문의,대전 공유오피스 사장님! 일일이 답장하기 힘든 예약 문의 때문에 힘드셨죠? ETERNAL SIX의 AI 파싱 솔루션으로 10초 만에 예약을 정리하세요.
daejeon-coworking-noshow,대전,공유오피스,대전 공유오피스 노쇼 방지 블랙리스트,예약 노쇼와 진상 고객 대응,대전 공유오피스 사장님! 예약 노쇼와 진상 고객 대응 때문에 힘드셨죠? ETERNAL SIX의 AI 파싱 솔루션으로 10초 만에 예약을 정리하세요.
gangnam-cake-shop-auto,강남,수제케이크,강남 수제케이크 카톡 예약 자동화,일일이 답장하기 힘든 예약 문의,강남 수제케이크 사장님! 일일이 답장하기 힘든 예약 문의 때문에 힘드셨죠? ETERNAL SIX의 AI 파싱 솔루션으로 10초 만에 예약을 정리하세요.
gangnam-cake-shop-noshow,강남,수제케이크,강남 수제케이크 노쇼 방지 블랙리스트,예약 노쇼와 진상 고객 대응,강남 수제케이크 사장님! 예약 노쇼와 진상 고객 대응 때문에 힘드셨죠? ETERNAL SIX의 AI 파싱 솔루션으로 10초 만에 예약을 정리하세요.
hongdae-cake-shop-auto,홍대,수제케이크,홍대 수제케이크 카톡 예약 자동화,일일이 답장하기 힘든 예약 문의,홍대 수제케이크 사장님! 일일이 답장하기 힘든 예약 문의 때문에 힘드셨죠? ETERNAL SIX의 AI 파싱 솔루션으로 10초 만에 예약을 정리하세요.
hongdae-cake-shop-noshow,홍대,수제케이크,홍대 수제케이크 노쇼 방지 블랙리스트,예약 노쇼와 진상 고객 대응,홍대 수제케이크 사장님! 예약 노쇼와 진상 고객 대응 때문에 힘드셨죠? ETERNAL SIX의 AI 파싱 솔루션으로 10초 만에 예약을 정리하세요.
seongsu-cake-shop-auto,성수,수제케이크,성수 수제케이크 카톡 예약 자동화,일일이 답장하기 힘든 예약 문의,성수 수제케이크 사장님! 일일이 답장하기 힘든 예약 문의 때문에 힘드셨죠? ETERNAL SIX의 AI 파싱 솔루션으로 10초 만에 예약을 정리하세요.
seongsu-cake-shop-noshow,성수,수제케이크,성수 수제케이크 노쇼 방지 블랙리스트,예약 노쇼와 진상 고객 대응,성수 수제케이크 사장님! 예약 노쇼와 진상 고객 대응 때문에 힘드셨죠? ETERNAL SIX의 AI 파싱 솔루션으로 10초 만에 예약을 정리하세요.
pangyo-cake-shop-auto,판교,수제케이크,판교 수제케이크 카톡 예약 자동화,일일이 답장하기 힘든 예약 문의,판교 수제케이크 사장님! 일일이 답장하기 힘든 예약 문의 때문에 힘드셨죠? ETERNAL SIX의 AI 파싱 솔루션으로 10초 만에 예약을 정리하세요.
pangyo-cake-shop-noshow,판교,수제케이크,판교 수제케이크 노쇼 방지 블랙리스트,예약 노쇼와 진상 고객 대응,판교 수제케이크 사장님! 예약 노쇼와 진상 고객 대응 때문에 힘드셨죠? ETERNAL SIX의 AI 파싱 솔루션으로 10초 만에 예약을 정리하세요.
bundang-cake-shop-auto,분당,수제케이크,분당 수제케이크 카톡 예약 자동화,일일이 답장하기 힘든 예약 문의,분당 수제케이크 사장님! 일일이 답장하기 힘든 예약 문의 때문에 힘드셨죠? ETERNAL SIX의 AI 파싱 솔루션으로 10초 만에 예약을 정리하세요.
bundang-cake-shop-noshow,분당,수제케이크,분당 수제케이크 노쇼 방지 블랙리스트,예약 노쇼와 진상 고객 대응,분당 수제케이크 사장님! 예약 노쇼와 진상 고객 대응 때문에 힘드셨죠? ETERNAL SIX의 AI 파싱 솔루션으로 10초 만에 예약을 정리하세요.
incheon-cake-shop-auto,인천,수제케이크,인천 수제케이크 카톡 예약 자동화,일일이 답장하기 힘든 예약 문의,인천 수제케이크 사장님! 일일이 답장하기 힘든 예약 문의 때문에 힘드셨죠? ETERNAL SIX의 AI 파싱 솔루션으로 10초 만에 예약을 정리하세요.
incheon-cake-shop-noshow,인천,수제케이크,인천 수제케이크 노쇼 방지 블랙리스트,예약 노쇼와 진상 고객 대응,인천 수제케이크 사장님! 예약 노쇼와 진상 고객 대응 때문에 힘드셨죠? ETERNAL SIX의 AI 파싱 솔루션으로 10초 만에 예약을 정리하세요.
busan-cake-shop-auto,부산,수제케이크,부산 수제케이크 카톡 예약 자동화,일일이 답장하기 힘든 예약 문의,부산 수제케이크 사장님! 일일이 답장하기 힘든 예약 문의 때문에 힘드셨죠? ETERNAL SIX의 AI 파싱 솔루션으로 10초 만에 예약을 정리하세요.
busan-cake-shop-noshow,부산,수제케이크,부산 수제케이크 노쇼 방지 블랙리스트,예약 노쇼와 진상 고객 대응,부산 수제케이크 사장님! 예약 노쇼와 진상 고객 대응 때문에 힘드셨죠? ETERNAL SIX의 AI 파싱 솔루션으로 10초 만에 예약을 정리하세요.
daegu-cake-shop-auto,대구,수제케이크,대구 수제케이크 카톡 예약 자동화,일일이 답장하기 힘든 예약 문의,대구 수제케이크 사장님! 일일이 답장하기 힘든 예약 문의 때문에 힘드셨죠? ETERNAL SIX의 AI 파싱 솔루션으로 10초 만에 예약을 정리하세요.
daegu-cake-shop-noshow,대구,수제케이크,대구 수제케이크 노쇼 방지 블랙리스트,예약 노쇼와 진상 고객 대응,대구 수제케이크 사장님! 예약 노쇼와 진상 고객 대응 때문에 힘드셨죠? ETERNAL SIX의 AI 파싱 솔루션으로 10초 만에 예약을 정리하세요.
gwangju-cake-shop-auto,광주,수제케이크,광주 수제케이크 카톡 예약 자동화,일일이 답장하기 힘든 예약 문의,광주 수제케이크 사장님! 일일이 답장하기 힘든 예약 문의 때문에 힘드셨죠? ETERNAL SIX의 AI 파싱 솔루션으로 10초 만에 예약을 정리하세요.
gwangju-cake-shop-noshow,광주,수제케이크,광주 수제케이크 노쇼 방지 블랙리스트,예약 노쇼와 진상 고객 대응,광주 수제케이크 사장님! 예약 노쇼와 진상 고객 대응 때문에 힘드셨죠? ETERNAL SIX의 AI 파싱 솔루션으로 10초 만에 예약을 정리하세요.
daejeon-cake-shop-auto,대전,수제케이크,대전 수제케이크 카톡 예약 자동화,일일이 답장하기 힘든 예약 문의,대전 수제케이크 사장님! 일일이 답장하기 힘든 예약 문의 때문에 힘드셨죠? ETERNAL SIX의 AI 파싱 솔루션으로 10초 만에 예약을 정리하세요.
daejeon-cake-shop-noshow,대전,수제케이크,대전 수제케이크 노쇼 방지 블랙리스트,예약 노쇼와 진상 고객 대응,대전 수제케이크 사장님! 예약 노쇼와 진상 고객 대응 때문에 힘드셨죠? ETERNAL SIX의 AI 파싱 솔루션으로 10초 만에 예약을 정리하세요.
gangnam-taekwondo-auto,강남,태권도장,강남 태권도장 카톡 예약 자동화,일일이 답장하기 힘든 예약 문의,강남 태권도장 사장님! 일일이 답장하기 힘든 예약 문의 때문에 힘드셨죠? ETERNAL SIX의 AI 파싱 솔루션으로 10초 만에 예약을 정리하세요.
gangnam-taekwondo-noshow,강남,태권도장,강남 태권도장 노쇼 방지 블랙리스트,예약 노쇼와 진상 고객 대응,강남 태권도장 사장님! 예약 노쇼와 진상 고객 대응 때문에 힘드셨죠? ETERNAL SIX의 AI 파싱 솔루션으로 10초 만에 예약을 정리하세요.
hongdae-taekwondo-auto,홍대,태권도장,홍대 태권도장 카톡 예약 자동화,일일이 답장하기 힘든 예약 문의,홍대 태권도장 사장님! 일일이 답장하기 힘든 예약 문의 때문에 힘드셨죠? ETERNAL SIX의 AI 파싱 솔루션으로 10초 만에 예약을 정리하세요.
hongdae-taekwondo-noshow,홍대,태권도장,홍대 태권도장 노쇼 방지 블랙리스트,예약 노쇼와 진상 고객 대응,홍대 태권도장 사장님! 예약 노쇼와 진상 고객 대응 때문에 힘드셨죠? ETERNAL SIX의 AI 파싱 솔루션으로 10초 만에 예약을 정리하세요.
seongsu-taekwondo-auto,성수,태권도장,성수 태권도장 카톡 예약 자동화,일일이 답장하기 힘든 예약 문의,성수 태권도장 사장님! 일일이 답장하기 힘든 예약 문의 때문에 힘드셨죠? ETERNAL SIX의 AI 파싱 솔루션으로 10초 만에 예약을 정리하세요.
seongsu-taekwondo-noshow,성수,태권도장,성수 태권도장 노쇼 방지 블랙리스트,예약 노쇼와 진상 고객 대응,성수 태권도장 사장님! 예약 노쇼와 진상 고객 대응 때문에 힘드셨죠? ETERNAL SIX의 AI 파싱 솔루션으로 10초 만에 예약을 정리하세요.
pangyo-taekwondo-auto,판교,태권도장,판교 태권도장 카톡 예약 자동화,일일이 답장하기 힘든 예약 문의,판교 태권도장 사장님! 일일이 답장하기 힘든 예약 문의 때문에 힘드셨죠? ETERNAL SIX의 AI 파싱 솔루션으로 10초 만에 예약을 정리하세요.
pangyo-taekwondo-noshow,판교,태권도장,판교 태권도장 노쇼 방지 블랙리스트,예약 노쇼와 진상 고객 대응,판교 태권도장 사장님! 예약 노쇼와 진상 고객 대응 때문에 힘드셨죠? ETERNAL SIX의 AI 파싱 솔루션으로 10초 만에 예약을 정리하세요.
bundang-taekwondo-auto,분당,태권도장,분당 태권도장 카톡 예약 자동화,일일이 답장하기 힘든 예약 문의,분당 태권도장 사장님! 일일이 답장하기 힘든 예약 문의 때문에 힘드셨죠? ETERNAL SIX의 AI 파싱 솔루션으로 10초 만에 예약을 정리하세요.
bundang-taekwondo-noshow,분당,태권도장,분당 태권도장 노쇼 방지 블랙리스트,예약 노쇼와 진상 고객 대응,분당 태권도장 사장님! 예약 노쇼와 진상 고객 대응 때문에 힘드셨죠? ETERNAL SIX의 AI 파싱 솔루션으로 10초 만에 예약을 정리하세요.
incheon-taekwondo-auto,인천,태권도장,인천 태권도장 카톡 예약 자동화,일일이 답장하기 힘든 예약 문의,인천 태권도장 사장님! 일일이 답장하기 힘든 예약 문의 때문에 힘드셨죠? ETERNAL SIX의 AI 파싱 솔루션으로 10초 만에 예약을 정리하세요.
incheon-taekwondo-noshow,인천,태권도장,인천 태권도장 노쇼 방지 블랙리스트,예약 노쇼와 진상 고객 대응,인천 태권도장 사장님! 예약 노쇼와 진상 고객 대응 때문에 힘드셨죠? ETERNAL SIX의 AI 파싱 솔루션으로 10초 만에 예약을 정리하세요.
busan-taekwondo-auto,부산,태권도장,부산 태권도장 카톡 예약 자동화,일일이 답장하기 힘든 예약 문의,부산 태권도장 사장님! 일일이 답장하기 힘든 예약 문의 때문에 힘드셨죠? ETERNAL SIX의 AI 파싱 솔루션으로 10초 만에 예약을 정리하세요.
busan-taekwondo-noshow,부산,태권도장,부산 태권도장 노쇼 방지 블랙리스트,예약 노쇼와 진상 고객 대응,부산 태권도장 사장님! 예약 노쇼와 진상 고객 대응 때문에 힘드셨죠? ETERNAL SIX의 AI 파싱 솔루션으로 10초 만에 예약을 정리하세요.
daegu-taekwondo-auto,대구,태권도장,대구 태권도장 카톡 예약 자동화,일일이 답장하기 힘든 예약 문의,대구 태권도장 사장님! 일일이 답장하기 힘든 예약 문의 때문에 힘드셨죠? ETERNAL SIX의 AI 파싱 솔루션으로 10초 만에 예약을 정리하세요.
daegu-taekwondo-noshow,대구,태권도장,대구 태권도장 노쇼 방지 블랙리스트,예약 노쇼와 진상 고객 대응,대구 태권도장 사장님! 예약 노쇼와 진상 고객 대응 때문에 힘드셨죠? ETERNAL SIX의 AI 파싱 솔루션으로 10초 만에 예약을 정리하세요.
gwangju-taekwondo-auto,광주,태권도장,광주 태권도장 카톡 예약 자동화,일일이 답장하기 힘든 예약 문의,광주 태권도장 사장님! 일일이 답장하기 힘든 예약 문의 때문에 힘드셨죠? ETERNAL SIX의 AI 파싱 솔루션으로 10초 만에 예약을 정리하세요.
gwangju-taekwondo-noshow,광주,태권도장,광주 태권도장 노쇼 방지 블랙리스트,예약 노쇼와 진상 고객 대응,광주 태권도장 사장님! 예약 노쇼와 진상 고객 대응 때문에 힘드셨죠? ETERNAL SIX의 AI 파싱 솔루션으로 10초 만에 예약을 정리하세요.
daejeon-taekwondo-auto,대전,태권도장,대전 태권도장 카톡 예약 자동화,일일이 답장하기 힘든 예약 문의,대전 태권도장 사장님! 일일이 답장하기 힘든 예약 문의 때문에 힘드셨죠? ETERNAL SIX의 AI 파싱 솔루션으로 10초 만에 예약을 정리하세요.
daejeon-taekwondo-noshow,대전,태권도장,대전 태권도장 노쇼 방지 블랙리스트,예약 노쇼와 진상 고객 대응,대전 태권도장 사장님! 예약 노쇼와 진상 고객 대응 때문에 힘드셨죠? ETERNAL SIX의 AI 파싱 솔루션으로 10초 만에 예약을 정리하세요.